{"acc": [0.8880737745860819, 0.9341828935542839, 0.9433547151969709, 0.9480192008245955, 0.9509550409303256, 0.9538908810386103, 0.9551909367544323, 0.9566552852273612, 0.9580482020658028, 0.9584553623726731, 0.9589410974756061, 0.961219766561424, 0.9611269054388045, 0.9618983670728746, 0.9626341128905525, 0.9633912881980656, 0.9637270168721517, 0.9644127605468806, 0.964305613092595, 0.9651199337114448, 0.9654985213660529, 0.9659413974884637, 0.9660771175907539, 0.9664771347351973, 0.9664842778984757, 0.9668842950412161, 0.9668200065717102, 0.9672628826898635, 0.9678557652419728, 0.967562895553518, 0.9680700601454348, 0.9682914982070661, 0.9681486349363883, 0.9683700730031287, 0.9686415132025997, 0.968948669223572, 0.9687915196314467, 0.969298684224215, 0.9696272697401317, 0.9695272654542337, 0.9694701201480064, 0.9701701501492921, 0.9657142846924918, 0.9742857142857143, 0.98, 0.9857142857142858, 0.9785714299338204, 0.99, 0.9828571442195347, 0.9857142870766776, 0.9785714261872428, 0.9785714299338204, 0.9871428585052491, 0.9828571442195347, 0.9900000013623919, 0.9914285690443856, 0.9771428585052491, 0.9799999976158142, 0.9871428571428571, 0.9842857156481062, 0.9871428547586714, 0.9899999976158143, 0.9885714299338204, 0.9828571428571429, 0.9899999976158143, 0.99, 0.9914285727909633, 0.9871428571428571, 0.9885714285714285, 0.9871428571428571, 0.9928571428571429, 0.99, 0.9985714285714286, 0.9928571428571429, 0.99, 0.9871428571428571, 0.9871428571428571, 0.9914285714285714, 0.9200000020435878, 0.9200000027247838, 0.9485714292526245, 0.9314285727909634, 0.9428571449007307, 0.9542857163293021, 0.9714285721097674, 0.9542857156481062, 0.9657142870766776, 0.977142859186445, 0.9714285721097674, 0.9542857149669103, 0.9657142870766776, 0.9714285721097674, 0.9485714312962124, 0.9660234749498139, 0.9673736774801934, 0.9678666085648421, 0.9683595396452325, 0.9685238500060723, 0.9200000020435878, 0.9200000040871756, 0.9371428598676409, 0.9428571442195347, 0.954285717010498, 0.9867256637168141, 0.9823008849557522, 0.9889380530973452, 0.9933628318584071, 0.9867256637168141, 0.9823008849557522, 0.9867256637168141, 0.9889380530973452, 0.9867256637168141, 0.9889380530973452], "loss": [0.2759428301597457, 0.17883002519682478, 0.15741975706181413, 0.1459886948454388, 0.1378641138100076, 0.13152095514550294, 0.12600468003269436, 0.12237058998406838, 0.11868967432430542, 0.1170627903112606, 0.11504272272529362, 0.1108317174847566, 0.1089241938790019, 0.10817761613424058, 0.10618222443911163, 0.10495663453445128, 0.10250934932246746, 0.10136331451719692, 0.10043735480039279, 0.09939521041772717, 0.09791531937474743, 0.09685442340810062, 0.096713868092977, 0.09540516620192584, 0.09536034035881426, 0.09447325039975092, 0.09449263458268496, 0.09291799490712585, 0.09133370113889767, 0.09177483796687194, 0.09111871242791213, 0.08924184930875581, 0.08933017277254528, 0.08903980605419039, 0.08856883835768783, 0.08789758514405618, 0.08815463767163911, 0.08681843168756248, 0.08584848970693372, 0.08613619052388541, 0.08564152063745657, 0.0848046528646716, 0.07397314088685172, 0.05537674479186535, 0.04308867316160883, 0.03758267493120262, 0.06707191824913025, 0.03499748925013202, 0.03658567483936037, 0.03518700073872294, 0.06326709743056978, 0.06711689599922725, 0.04091325323496546, 0.03828149923256465, 0.031039676059569633, 0.03105668178626469, 0.0686387488245964, 0.05142400107213429, 0.03881636258214712, 0.03716597149414676, 0.03345715045928955, 0.03070292021547045, 0.05527940667101315, 0.03537519300090415, 0.043770909905433655, 0.02729800351895392, 0.029908988262925828, 0.02953035724748458, 0.030499828066676855, 0.0473869937179344, 0.023943606466054916, 0.03848364955612591, 0.00797835936503751, 0.031467679978481364, 0.026170515633587327, 0.039418817021484885, 0.03648519954245005, 0.0214433683774301, 0.5621982043130057, 0.3922326796395438, 0.42685756504535677, 0.38838468142918176, 0.33472908786364963, 0.12778177772249494, 0.10962691298552922, 0.10282656456742968, 0.10776348199163165, 0.07151410639286042, 0.12908977427652904, 0.13714835789586816, 0.11069118708372117, 0.09796750532729286, 0.10019353321620396, 0.10007867576528509, 0.09476264476529844, 0.09290398497419129, 0.09102466238366143, 0.09053594039911016, 0.27468969557966505, 0.2112787447656904, 0.21115182033606938, 0.15630009578807014, 0.1252831529719489, 0.07592450095488962, 0.06004900296540123, 0.045584299163511685, 0.0449088831819528, 0.04684165674745954, 0.07963694850975994, 0.06452398829623661, 0.04758251570494829, 0.04782359024553057, 0.0493426047805367], "val_acc": [0.9420961397744407, 0.9510967398064957, 0.9528968598065484, 0.9591972798345502, 0.9597639842815133, 0.9600973398464983, 0.9638975931887738, 0.962697513191388, 0.9647643176370704, 0.9636642442988478, 0.9653976931954409, 0.9655643709739595, 0.9656977131967743, 0.966331088755145, 0.966431095422256, 0.966097739865219, 0.9670644709806266, 0.9656643776410706, 0.967131142092034, 0.9682312154302566, 0.969231282101368, 0.9680312020960343, 0.9682645509859603, 0.968997933211442, 0.9683312220973678, 0.9685645709872938, 0.9697979865483312, 0.9692979532127755, 0.9683645576610193, 0.9674311620854197, 0.9684978998758863, 0.9697979865483312, 0.9695313021027014, 0.9699313287631982, 0.9677645176424567, 0.9709313954422574, 0.9710314021014207, 0.9694646309833461, 0.9708980598786059, 0.9709647309979611, 0.9705647043374643, 0.9693312887684792, 0.9733333333333334, 0.98, 0.9866666666666667, 0.9866666666666667, 0.9866666666666667, 0.9866666666666667, 0.9866666666666667, 0.98, 0.9866666666666667, 0.98, 0.98, 0.98, 0.98, 0.9733333333333334, 0.9933333333333333, 0.9933333333333333, 0.9933333333333333, 0.9933333333333333, 0.9933333333333333, 0.9933333333333333, 0.9866666666666667, 0.9866666666666667, 0.9866666666666667, 0.9799999976158142, 0.9866666666666667, 0.9866666666666667, 1.0, 1.0, 0.9933333333333333, 0.9933333333333333, 0.9933333333333333, 0.9933333333333333, 0.9933333333333333, 0.9933333333333333, 0.9933333333333333, 0.9933333333333333, 0.9459459185600281, 0.9459459185600281, 0.9459459185600281, 1.0, 1.0, 0.9729729890823364, 0.9729729890823364, 0.9729729890823364, 0.9729729890823364, 0.9729729890823364, 0.9459459185600281, 0.9459459185600281, 0.9459459185600281, 0.9459459185600281, 0.9459459185600281, 0.9766961160034393, 0.9755625937497304, 0.9752958826312106, 0.9750291715126909, 0.9767961326728842, 0.9729729890823364, 0.9729729890823364, 0.9729729890823364, 0.9729729890823364, 0.9729729890823364, 0.9690721643339727, 0.9690721643339727, 0.9690721643339727, 0.9690721643339727, 0.9690721643339727, 0.9896907216494846, 0.9896907216494846, 0.9896907216494846, 0.9896907216494846, 0.9896907216494846],